timeStamp,elapsed,label,responseCode,responseMessage,threadName,dataType,success,failureMessage,bytes,sentBytes,grpThreads,allThreads,URL,Latency,IdleTime,Connect
1696077131934,1966,Choose Flight 4,200,OK,Choose Flight 3-4,text,true,,2527,924,10,40,https://blazedemo.com/purchase.php,1963,0,1551
1696077132126,1774,Choose Flight 6,200,OK,Choose Flight 3-6,text,true,,2545,924,10,40,https://blazedemo.com/purchase.php,1771,0,1352
1696077131854,2046,Passangers Details 3,200,OK,Passenger Details 4-3,text,true,,2490,1031,10,40,https://blazedemo.com/confirmation.php,2044,0,1646
1696077132437,1464,Passangers Details 9,200,OK,Passenger Details 4-9,text,true,,2498,1031,10,40,https://blazedemo.com/confirmation.php,1460,0,1036
1696077132334,1566,Find Flight 8,200,OK,Find Flight 2-8,text,true,,2495,868,10,40,https://blazedemo.com/reserve.php,1563,0,1167
1696077132041,1859,Find Flight 5,200,OK,Find Flight 2-5,text,true,,2359,868,10,40,https://blazedemo.com/reserve.php,1856,0,1432
1696077132532,1368,Passangers Details 10,200,OK,Passenger Details 4-10,text,true,,2489,1037,10,40,https://blazedemo.com/confirmation.php,1365,0,950
1696077131851,2050,Find Flight 1,200,OK,Find Flight 2-1,text,true,,2459,868,10,40,https://blazedemo.com/reserve.php,2047,0,1627
1696077131851,2050,Open Url 2,200,OK,Open Url  1-2,text,true,,2217,656,10,40,https://blazedemo.com/,2047,0,1642
1696077132011,1889,Open Url 5,200,OK,Open Url  1-5,text,true,,2397,656,10,40,https://blazedemo.com/,1886,0,1466
1696077132148,1761,Passangers Details 6,200,OK,Passenger Details 4-6,text,true,,2436,1032,10,40,https://blazedemo.com/confirmation.php,1750,0,1329
1696077132025,1900,Choose Flight 5,200,OK,Choose Flight 3-5,text,true,,2626,924,8,29,https://blazedemo.com/purchase.php,1886,0,1462
1696077132236,1689,Choose Flight 7,200,OK,Choose Flight 3-7,text,true,,2580,924,8,29,https://blazedemo.com/purchase.php,1675,0,1257
1696077132511,1421,Choose Flight 10,200,OK,Choose Flight 3-10,text,true,,2515,924,6,27,https://blazedemo.com/purchase.php,1415,0,962
1696077132531,1402,Find Flight 10,200,OK,Find Flight 2-10,text,true,,2277,868,7,27,https://blazedemo.com/reserve.php,1401,0,954
1696077131854,2080,Open Url 1,200,OK,Open Url  1-1,text,true,,2386,656,8,27,https://blazedemo.com/,2079,0,1633
1696077132329,1613,Passangers Details 8,200,OK,Passenger Details 4-8,text,true,,2377,1037,6,24,https://blazedemo.com/confirmation.php,1612,0,1143
1696077131941,2009,Find Flight 4,200,OK,Find Flight 2-4,text,true,,2296,868,6,23,https://blazedemo.com/reserve.php,2003,0,1537
1696077132333,1625,Choose Flight 8,200,OK,Choose Flight 3-8,text,true,,2461,924,5,22,https://blazedemo.com/purchase.php,1618,0,1163
1696077131953,2016,Passangers Details 4,200,OK,Passenger Details 4-4,text,true,,2468,1031,5,21,https://blazedemo.com/confirmation.php,2007,0,1546
1696077132428,1541,Find Flight 9,200,OK,Find Flight 2-9,text,true,,2484,868,5,21,https://blazedemo.com/reserve.php,1532,0,1074
1696077132204,1786,Open Url 7,200,OK,Open Url  1-7,text,true,,2193,656,7,19,https://blazedemo.com/,1777,0,1298
1696077132495,1509,Open Url 10,200,OK,Open Url  1-10,text,true,,2210,656,6,18,https://blazedemo.com/,1502,0,1004
1696077131851,2154,Open Url 3,200,OK,Open Url  1-3,text,true,,2288,656,6,18,https://blazedemo.com/,2154,0,1646
1696077131851,2162,Choose Flight 2,200,OK,Choose Flight 3-2,text,true,,2694,924,4,16,https://blazedemo.com/purchase.php,2154,0,1642
1696077131850,2164,Passangers Details 2,200,OK,Passenger Details 4-2,text,true,,2272,1025,4,16,https://blazedemo.com/confirmation.php,2164,0,1643
1696077131851,2174,Passangers Details 1,200,OK,Passenger Details 4-1,text,true,,2410,1032,3,14,https://blazedemo.com/confirmation.php,2174,0,1628
1696077131852,2192,Choose Flight 3,200,OK,Choose Flight 3-3,text,true,,2486,924,3,13,https://blazedemo.com/purchase.php,2184,0,1645
1696077132395,1671,Open Url 9,200,OK,Open Url  1-9,text,true,,2367,656,4,12,https://blazedemo.com/,1670,0,1097
1696077131920,2156,Open Url 4,200,OK,Open Url  1-4,text,true,,2390,656,3,11,https://blazedemo.com/,2145,0,1577
1696077131851,2261,Choose Flight 1,200,OK,Choose Flight 3-1,text,true,,2592,924,2,10,https://blazedemo.com/purchase.php,2250,0,1639
1696077132250,1868,Passangers Details 7,200,OK,Passenger Details 4-7,text,true,,2262,1033,2,9,https://blazedemo.com/confirmation.php,1850,0,1233
1696077132236,1892,Find Flight 7,200,OK,Find Flight 2-7,text,true,,2455,868,4,8,https://blazedemo.com/reserve.php,1883,0,1258
1696077132135,1993,Find Flight 6,200,OK,Find Flight 2-6,text,true,,2362,868,4,8,https://blazedemo.com/reserve.php,1984,0,1366
1696077132306,1822,Open Url 8,200,OK,Open Url  1-8,text,true,,2220,656,2,8,https://blazedemo.com/,1813,0,1195
1696077132046,2107,Passangers Details 5,200,OK,Passenger Details 4-5,text,true,,2449,1037,1,5,https://blazedemo.com/confirmation.php,2097,0,1453
1696077131850,2365,Find Flight 2,200,OK,Find Flight 2-2,text,true,,2281,868,2,4,https://blazedemo.com/reserve.php,2364,0,1653
1696077132105,3035,Open Url 6,200,OK,Open Url  1-6,text,true,,2356,656,1,3,https://blazedemo.com/,3035,0,1380
1696077131855,3310,Find Flight 3,200,OK,Find Flight 2-3,text,true,,2455,868,1,2,https://blazedemo.com/reserve.php,3309,0,1630
1696077132435,2800,Choose Flight 9,200,OK,Choose Flight 3-9,text,true,,2503,924,1,1,https://blazedemo.com/purchase.php,2799,0,1058
